{"focals": [461.6706237792969, 462.8005065917969], "principal": [259.0, 147.0], "image_h": 294, "image_w": 518}